{"cameraMode":{"drawMode":0,"name":"Shaded","section":"Shading Mode"},"sceneLighting":true,"audioPlay":false,"sceneViewState":{"showFog":false,"showMaterialUpdate":false,"showSkybox":false,"showFlares":false,"showImageEffects":false,"showParticleSystems":false},"in2DMode":false,"pivot":{"x":10.508984565734864,"y":7.678292751312256,"z":-0.9974298477172852},"rotation":{"x":0.025060303509235383,"y":0.9263344407081604,"z":-0.06263726204633713,"w":0.3706118166446686},"size":5.380876541137695,"orthographic":false}